<?xml version="1.0" encoding="UTF-8"?>
<jax-ws xmlns="http://www.netbeans.org/ns/jax-ws/1">
  <services>
    <service name="NewWebServiceFromWSDL">
      <implementation-class>ws.NewWebServiceFromWSDL</implementation-class>
      <wsdl-url>file:/home/vsa/NetBeansProjects/PostiovnaSchema/src/schema/podatNavrh.wsdl</wsdl-url>
      <local-wsdl-file>podatNavrh.wsdl</local-wsdl-file>
      <service-name>podatNavrhService</service-name>
      <port-name>podatNavrhPort</port-name>
      <package-name>org.netbeans.j2ee.wsdl.postiovnaschema.schema.podatnavrh</package-name>
      <catalog-file>catalog.xml</catalog-file>
      <use-provider>false</use-provider>
      <wsimport-options>
        <wsimport-option>
          <wsimport-option-name>extension</wsimport-option-name>
          <wsimport-option-value>true</wsimport-option-value>
        </wsimport-option>
        <wsimport-option>
          <wsimport-option-name>verbose</wsimport-option-name>
          <wsimport-option-value>true</wsimport-option-value>
        </wsimport-option>
        <wsimport-option>
          <wsimport-option-name>fork</wsimport-option-name>
          <wsimport-option-value>false</wsimport-option-value>
        </wsimport-option>
        <wsimport-option>
          <wsimport-option-name>xnocompile</wsimport-option-name>
          <wsimport-option-value>true</wsimport-option-value>
        </wsimport-option>
        <wsimport-option>
          <wsimport-option-name>xendorsed</wsimport-option-name>
          <wsimport-option-value>true</wsimport-option-value>
        </wsimport-option>
      </wsimport-options>
    </service>
  </services>
  <clients/>
  <jsr109>true</jsr109>
</jax-ws>
